Workbook

Sheet Definicoes
A1: ABA | B1: CAMPO | C1: DEFINICAO | D1: DE ONDE VEM?
A2: Projeto | B2: project_id | C2: Código do projeto (EV, EG, EX...) | D2: Tabelas Petrobras
A3: Projeto | B3: filter | C3: Qualquer critério de filtro que a empresa use | D3: Critérios Petrobras
A4: Projeto | B4: project_cost_usd | C4: Custo do projeto (aprovado no SIGITEC | D4: Tabelas Petrobras
A5: Projeto | B5: project_cost_tu | C5: Custo de tempo do projeto na unidade de Time Unit (dia) | D5: Tabelas Petrobras
A6: Projeto | B6: project_usd__per_tu | C6: Custo de USD por TU | D6: Calculada
A7: Projeto | B7: project_cost_wu | C7: Custo do projeto na unidade de Work Unit | D7: Uma vez que sabemos o custo wu por membro da equipe e a duração do projeto, podemos calcular o WU do projeto
A8: Projeto | B8: project_cost_usd_per_wu | C8: Custo de Usd por WU | D8: Calculada
A10: Equipe | B10: member_id | C10: Identificação do membro na equipe
A11: Equipe | B11: member_name | C11: Nome do membro
A12: Equipe | B12: member_used_tu | C12: % de tempo que o membro dedicará ao projeto em relação ao tempo total do projeto (por exemplo, apenas 24 de 36 meses)
A13: Equipe | B13: member_profile | C13: Perfil da equipe (enquadramento SIGITEC), dando "peso" ao seu valor de HH
A14: Equipe | B14: member_wu_per_tu | C14: Dedicação de trabalho do membro medidos em wu/tu (por exemplo, horas/dia ou horas/semana)
A16: Equipe | B16: member_project_wu | C16: Total de wu que o membro dedicará ao projeto (com base no % de used_tu)
A17: Equipe | B17: member_WTD_dedication | C17: Parte do esforço de trabalho deste membrio da equipe e que será dedicada ao WTD (soma tem de dar 100% e demanda precisa existir na atividde)
A18: Equipe | B18: member_WQA_dedication | C18: Parte do esforço de trabalho deste membrio da equipe e que será dedicada ao WQA (soma tem de dar 100% e demanda precisa existir na atividde)
A19: Equipe | B19: member_WRC_dedication | C19: Parte do esforço de trabalho deste membrio da equipe e que será dedicada ao WRC (soma tem de dar 100% e demanda precisa existir na atividde)
A20: Equipe | B20: member_WAP_dedication | C20: Parte do esforço de trabalho deste membrio da equipe e que será dedicada ao WAP (soma tem de dar 100% e demanda precisa existir na atividde)
A22: AlocacaoEquipe | B22: member_id_dedication | C22: % de alocação do membro da equipe a uma atividade específica (checar pois 100% tem de estar distribuido em todas as atividades que ele participa)
A23: AlocacaoEquipe | B23: member_wu_dedication | C23: Converte % de decicação em WU, com base no tttal de wu deste membro no projeto (checar pois a soma dos WU tem de dar o total de WU do projeto)
A26: LEGENDA
A27: Informação que pode ser extraída de sistema Petrobras
A28: Informação calculada com base no que temos ou em registros dos sistemas Petrobras (SIGITEC/MapE)
A29: Avaliar melhor a real necessidade e a forma de entrada da informação
A30: Informação nova

Sheet Projeto
A1: project_id | B1: project_date_ini | C1: filter | D1: project_cost_usd | E1: project_cost_tu | F1: project_usd__per_tu | G1: project_cost_wu | H1: project_cost_usd_per_wu | K1: Validação 1
A2: EV-00000 | B2: 45658 | C2: 1 | D2: 1000000 | E2: =1*365 -> 365 | F2: =D2/E2 -> 2739.726 | G2: =SUMIF(Equipe!$A$2:$A$18,Projeto!A2,Equipe!$G$2:$G$18) -> 292000 | H2: =D2/G2 -> 3.4246575 | K2: =SUM(G2:G5) -> 1472410
A3: EV-01307 | B3: 44888 | C3: 2 | D3: 1000000 | E3: =3*365 -> 1095 | F3: =D3/E3 -> 913.24201 | G3: =SUMIF(Equipe!$A$2:$A$18,Projeto!A3,Equipe!$G$2:$G$18) -> 586920 | H3: =D3/G3 -> 1.7038097 | K3: =IF(K2=Equipe!P2,"OK!","ERRO!!!") -> OK!
A4: EV-XXXX | B4: 45509 | C4: 2 | D4: 2000000 | E4: =3*365 -> 1095 | F4: =D4/E4 -> 1826.484 | G4: =SUMIF(Equipe!$A$2:$A$18,Projeto!A4,Equipe!$G$2:$G$18) -> 269370 | H4: =D4/G4 -> 7.4247318
A5: EV-YYYY | B5: 44472 | C5: 3 | D5: 3000000 | E5: =3*365 -> 1095 | F5: =D5/E5 -> 2739.726 | G5: =SUMIF(Equipe!$A$2:$A$18,Projeto!A5,Equipe!$G$2:$G$18) -> 324120 | H5: =D5/G5 -> 9.2558312

Sheet Equipe
A1: cod_ev | B1: member_id | C1: member_name | D1: member_used_tu | E1: member_profile | F1: member_wu_per_tu | G1: member_project_wu | H1: member_WTD_dedication | I1: member_WQA_dedication | J1: member_WRC_dedication | K1: member_WAP_dedication | M1: Busca | O1: Validar % | P1: Validação 1 | Q1: Validação 2
A2: EV-00000 | B2: 1 | C2: Member Name 01 | D2: 1 | E2: 150 | F2: 2 | G2: =D2*M2*E2*F2 -> 109500 | H2: 0.85 | I2: 0.05 | J2: 0.05 | K2: 0.05 | M2: =SUMIF(Projeto!$A$2:$A$5,Equipe!A2,Projeto!$E$2:$E$5) -> 365 | O2: =IF(SUM(H2:K2)=1,"OK!","ERRO!!!") -> OK! | P2: =SUM($G$2:$G$18) -> 1472410 | Q2: =SUMIF($A$2:$A$18,A2,$G$2:$G$18) -> 292000
A3: EV-00000 | B3: 2 | C3: Member Name 02 | D3: 1 | E3: 30 | F3: 8 | G3: =D3*M3*E3*F3 -> 87600 | H3: 1 | M3: =SUMIF(Projeto!$A$2:$A$5,Equipe!A3,Projeto!$E$2:$E$5) -> 365 | O3: =IF(SUM(H3:K3)=1,"OK!","ERRO!!!") -> OK!
A4: EV-00000 | B4: 3 | C4: Member Name 03 | D4: 0.5 | E4: 100 | F4: 4 | G4: =D4*M4*E4*F4 -> 73000 | H4: 0.9 | J4: 0.1 | K4: 0 | M4: =SUMIF(Projeto!$A$2:$A$5,Equipe!A4,Projeto!$E$2:$E$5) -> 365 | O4: =IF(SUM(H4:K4)=1,"OK!","ERRO!!!") -> OK!
A5: EV-00000 | B5: 4 | C5: Member Name 04 | D5: 0.2 | E5: 300 | F5: 1 | G5: =D5*M5*E5*F5 -> 21900 | I5: 0.05 | J5: 0.45 | K5: 0.5 | M5: =SUMIF(Projeto!$A$2:$A$5,Equipe!A5,Projeto!$E$2:$E$5) -> 365 | O5: =IF(SUM(H5:K5)=1,"OK!","ERRO!!!") -> OK!
A6: EV-01307 | B6: 1 | C6: Member Name 01 | D6: 1 | E6: 20 | F6: 8 | G6: =D6*M6*E6*F6 -> 175200 | H6: 0.5 | I6: 0.5 | M6: =SUMIF(Projeto!$A$2:$A$5,Equipe!A6,Projeto!$E$2:$E$5) -> 1095 | O6: =IF(SUM(H6:K6)=1,"OK!","ERRO!!!") -> OK!
A7: EV-01307 | B7: 2 | C7: Member Name 02 | D7: 1 | E7: 20 | F7: 8 | G7: =D7*M7*E7*F7 -> 175200 | H7: 0.5 | I7: 0.5 | M7: =SUMIF(Projeto!$A$2:$A$5,Equipe!A7,Projeto!$E$2:$E$5) -> 1095 | O7: =IF(SUM(H7:K7)=1,"OK!","ERRO!!!") -> OK!
A8: EV-01307 | B8: 3 | C8: Member Name 03 | D8: 0.8 | E8: 20 | F8: 4 | G8: =D8*M8*E8*F8 -> 70080 | H8: 0 | I8: 0.5 | J8: 0.5 | M8: =SUMIF(Projeto!$A$2:$A$5,Equipe!A8,Projeto!$E$2:$E$5) -> 1095 | O8: =IF(SUM(H8:K8)=1,"OK!","ERRO!!!") -> OK!
A9: EV-01307 | B9: 4 | C9: Member Name 04 | D9: 0.8 | E9: 20 | F9: 5 | G9: =D9*M9*E9*F9 -> 87600 | H9: 0.8 | I9: 0.1 | J9: 0.1 | M9: =SUMIF(Projeto!$A$2:$A$5,Equipe!A9,Projeto!$E$2:$E$5) -> 1095 | O9: =IF(SUM(H9:K9)=1,"OK!","ERRO!!!") -> OK!
A10: EV-01307 | B10: 5 | C10: Member Name 05 | D10: 0.6 | E10: 20 | F10: 6 | G10: =D10*M10*E10*F10 -> 78840 | K10: 1 | M10: =SUMIF(Projeto!$A$2:$A$5,Equipe!A10,Projeto!$E$2:$E$5) -> 1095 | O10: =IF(SUM(H10:K10)=1,"OK!","ERRO!!!") -> OK!
A11: EV-XXXX | B11: 1 | C11: New Member 01 | D11: 0.3 | E11: 20 | F11: 7 | G11: =D11*M11*E11*F11 -> 45990 | K11: 1 | M11: =SUMIF(Projeto!$A$2:$A$5,Equipe!A11,Projeto!$E$2:$E$5) -> 1095 | O11: =IF(SUM(H11:K11)=1,"OK!","ERRO!!!") -> OK!
A12: =A11 -> EV-XXXX | B12: 2 | C12: New Member 02 | D12: 1 | E12: 20 | F12: 8 | G12: =D12*M12*E12*F12 -> 175200 | H12: 1 | M12: =SUMIF(Projeto!$A$2:$A$5,Equipe!A12,Projeto!$E$2:$E$5) -> 1095 | O12: =IF(SUM(H12:K12)=1,"OK!","ERRO!!!") -> OK!
A13: =A12 -> EV-XXXX | B13: 3 | C13: New Member 03 | D13: 0.2 | E13: 20 | F13: 1 | G13: =D13*M13*E13*F13 -> 4380 | H13: 1 | M13: =SUMIF(Projeto!$A$2:$A$5,Equipe!A13,Projeto!$E$2:$E$5) -> 1095 | O13: =IF(SUM(H13:K13)=1,"OK!","ERRO!!!") -> OK!
A14: =A13 -> EV-XXXX | B14: 4 | C14: New Member 04 | D14: 1 | E14: 20 | F14: 2 | G14: =D14*M14*E14*F14 -> 43800 | H14: 0.7 | I14: 0.3 | M14: =SUMIF(Projeto!$A$2:$A$5,Equipe!A14,Projeto!$E$2:$E$5) -> 1095 | O14: =IF(SUM(H14:K14)=1,"OK!","ERRO!!!") -> OK!
A15: EV-YYYY | B15: 1 | C15: Beta member 01 | D15: 1 | E15: 20 | F15: 3 | G15: =D15*M15*E15*F15 -> 65700 | H15: 0.5 | J15: 0.5 | M15: =SUMIF(Projeto!$A$2:$A$5,Equipe!A15,Projeto!$E$2:$E$5) -> 1095 | O15: =IF(SUM(H15:K15)=1,"OK!","ERRO!!!") -> OK!
A16: =A15 -> EV-YYYY | B16: 2 | C16: Beta member 02 | D16: 1 | E16: 20 | F16: 4 | G16: =D16*M16*E16*F16 -> 87600 | H16: 0.1 | I16: 0.1 | J16: 0.1 | K16: 0.7 | M16: =SUMIF(Projeto!$A$2:$A$5,Equipe!A16,Projeto!$E$2:$E$5) -> 1095 | O16: =IF(SUM(H16:K16)=1,"OK!","ERRO!!!") -> OK!
A17: =A16 -> EV-YYYY | B17: 3 | C17: Beta member 03 | D17: 0.6 | E17: 20 | F17: 5 | G17: =D17*M17*E17*F17 -> 65700 | H17: 0.7 | I17: 0.1 | J17: 0.1 | K17: 0.1 | M17: =SUMIF(Projeto!$A$2:$A$5,Equipe!A17,Projeto!$E$2:$E$5) -> 1095 | O17: =IF(SUM(H17:K17)=1,"OK!","ERRO!!!") -> OK!
A18: =A17 -> EV-YYYY | B18: 4 | C18: Beta member 04 | D18: 0.8 | E18: 20 | F18: 6 | G18: =D18*M18*E18*F18 -> 105120 | H18: 0.9 | K18: 0.1 | M18: =SUMIF(Projeto!$A$2:$A$5,Equipe!A18,Projeto!$E$2:$E$5) -> 1095 | O18: =IF(SUM(H18:K18)=1,"OK!","ERRO!!!") -> OK!
H21: Não temos as medições, mas temos a evolução % do WD no relatório gerencial

Sheet AlocacaoEquipe
A1: project_id | B1: task_id | C1: member_id | D1: member_id_dedication | E1: member_wu_dedication | H1: Validação 2 | K1: Seleciona: | L1: =A2 -> EV-00000 | M1: Membro = | N1: 1
A2: EV-00000 | B2: 1 | C2: 1 | D2: 0.5 | E2: =SUMIF(Equipe!$B$2:$B$5,AlocacaoEquipe!C2,Equipe!$G$2:$G$5)*D2 -> 54750 | H2: =SUMIF($A$2:$A$36,A2,$E$2:$E$36) -> 292000 | K2: project_id | L2: task_id | M2: member_id | N2: member_id_dedication
A3: EV-00000 | B3: 1 | C3: 2 | D3: 0.2 | E3: =SUMIF(Equipe!$B$2:$B$5,AlocacaoEquipe!C3,Equipe!$G$2:$G$5)*D3 -> 17520 | K3: {=_xlfn._xlws.FILTER($A$2:$D$36,($A$2:$A$36=L1)*($C$2:$C$36=N1))} -> EV-00000 | L3: 1 | M3: 1 | N3: 0.5
A4: EV-00000 | B4: 2 | C4: 3 | D4: 0.4 | E4: =SUMIF(Equipe!$B$2:$B$5,AlocacaoEquipe!C4,Equipe!$G$2:$G$5)*D4 -> 29200 | K4: EV-00000 | L4: 3 | M4: 1 | N4: 0.2
A5: EV-00000 | B5: 2 | C5: 4 | D5: 0.1 | E5: =SUMIF(Equipe!$B$2:$B$5,AlocacaoEquipe!C5,Equipe!$G$2:$G$5)*D5 -> 2190 | K5: EV-00000 | L5: 5 | M5: 1 | N5: 0.1
A6: EV-00000 | B6: 3 | C6: 1 | D6: 0.2 | E6: =SUMIF(Equipe!$B$2:$B$5,AlocacaoEquipe!C6,Equipe!$G$2:$G$5)*D6 -> 21900 | K6: EV-00000 | L6: 6 | M6: 1 | N6: 0.2
A7: EV-00000 | B7: 3 | C7: 2 | D7: 0.4 | E7: =SUMIF(Equipe!$B$2:$B$5,AlocacaoEquipe!C7,Equipe!$G$2:$G$5)*D7 -> 35040
A8: EV-00000 | B8: 4 | C8: 3 | D8: 0.6 | E8: =SUMIF(Equipe!$B$2:$B$5,AlocacaoEquipe!C8,Equipe!$G$2:$G$5)*D8 -> 43800
A9: EV-00000 | B9: 4 | C9: 4 | D9: 0.4 | E9: =SUMIF(Equipe!$B$2:$B$5,AlocacaoEquipe!C9,Equipe!$G$2:$G$5)*D9 -> 8760
A10: EV-00000 | B10: 5 | C10: 1 | D10: 0.1 | E10: =SUMIF(Equipe!$B$2:$B$5,AlocacaoEquipe!C10,Equipe!$G$2:$G$5)*D10 -> 10950
A11: EV-00000 | B11: 5 | C11: 2 | D11: 0.4 | E11: =SUMIF(Equipe!$B$2:$B$5,AlocacaoEquipe!C11,Equipe!$G$2:$G$5)*D11 -> 35040
A12: EV-00000 | B12: 6 | C12: 1 | D12: 0.2 | E12: =SUMIF(Equipe!$B$2:$B$5,AlocacaoEquipe!C12,Equipe!$G$2:$G$5)*D12 -> 21900
A13: EV-00000 | B13: 7 | C13: 4 | D13: 0.25 | E13: =SUMIF(Equipe!$B$2:$B$5,AlocacaoEquipe!C13,Equipe!$G$2:$G$5)*D13 -> 5475
A14: EV-00000 | B14: 8 | C14: 4 | D14: 0.25 | E14: =SUMIF(Equipe!$B$2:$B$5,AlocacaoEquipe!C14,Equipe!$G$2:$G$5)*D14 -> 5475 | M14: Validação = Checar soma = | N14: =SUM(N3:N13) -> 1
A15: EV-01307 | B15: 1 | C15: 1 | D15: 0.5
A16: EV-01307 | B16: 1 | C16: 2 | D16: 0.15
A17: EV-01307 | B17: 1 | C17: 3 | D17: 0.5
A18: EV-01307 | B18: 2 | C18: 1 | D18: 0.45
A19: EV-01307 | B19: 2 | C19: 4 | D19: 0.5
A20: =A19 -> EV-01307 | B20: 3 | C20: 2 | D20: 0.5
A21: =A20 -> EV-01307 | B21: 4 | C21: 2 | D21: 0.3
A22: =A21 -> EV-01307 | B22: 3 | C22: 3 | D22: 0.5
A23: =A22 -> EV-01307 | B23: 3 | C23: 5 | D23: 0.25
A24: =A23 -> EV-01307 | B24: 4 | C24: 1 | D24: 0.05
A25: =A24 -> EV-01307 | B25: 4 | C25: 5 | D25: 0.35
A26: =A25 -> EV-01307 | B26: 5 | C26: 4 | D26: 0.5
A27: =A26 -> EV-01307 | B27: 5 | C27: 2 | D27: 0.05
A28: =A27 -> EV-01307 | B28: 5 | C28: 5 | D28: 0.4
A29: EV-XXXX | B29: 1 | C29: 1 | D29: 1
A30: =A29 -> EV-XXXX | B30: 2 | C30: 2 | D30: 1
A31: =A30 -> EV-XXXX | B31: 3 | C31: 3 | D31: 1
A32: =A31 -> EV-XXXX | B32: 4 | C32: 4 | D32: 1
A33: EV-YYYY | B33: 1 | C33: 1 | D33: 1
A34: =A33 -> EV-YYYY | B34: 2 | C34: 2 | D34: 1
A35: =A34 -> EV-YYYY | B35: 3 | C35: 3 | D35: 1
A36: =A35 -> EV-YYYY | B36: 4 | C36: 4 | D36: 1

Sheet Atividades
A1: project_id | B1: stage_id | C1: task_id | D1: task_notes | E1: predecessors | F1: expected_date_ini | G1: expected_date_end | H1: expected_start_tu | I1: wu | J1: Ktd | K1: Kqa | L1: Krc | M1: Kap | N1: Ptd | O1: Pqa | P1: Prc | Q1: Pap | R1: Aqa | S1: Arc | T1: Aap | U1: WTDini | V1: WQAini | W1: WRCini | X1: WAPini | Y1: WDini | Z1: BypQA | AA1: BypRC | AB1: BypAP
A2: EV-00000 | B2: 1 | C2: 1 | D2: Atividade 1 | E2: 0 | F2: 45658 | G2: 45747 | H2: =F2-Projeto!$B$2 -> 0 | I2: =SUMIF(AlocacaoEquipe!$B$2:$B$14,Atividades!C2,AlocacaoEquipe!$E$2:$E$14) -> 72270 | J2: 15 | K2: 20 | L2: 10 | M2: 10 | N2: 0 | O2: 0 | P2: 0 | Q2: 0 | R2: 0.3 | S2: 0.15 | T2: 0.1 | U2: 0 | V2: 0 | W2: 0 | X2: 0 | Y2: 0 | Z2: 0 | AA2: 0 | AB2: 0
A3: EV-00000 | B3: 2 | C3: 2 | D3: Atividade 2 | E3: 0 | F3: 45658 | G3: 45703 | H3: =F3-Projeto!$B$2 -> 0 | I3: =SUMIF(AlocacaoEquipe!$B$2:$B$14,Atividades!C3,AlocacaoEquipe!$E$2:$E$14) -> 31390 | J3: =J2 -> 15 | K3: =K2 -> 20 | L3: =L2 -> 10 | M3: =M2 -> 10 | N3: 0 | O3: 0 | P3: 0 | Q3: 0 | R3: =R2 -> 0.3 | S3: =S2 -> 0.15 | T3: =T2 -> 0.1 | U3: 0 | V3: 0 | W3: 0 | X3: 0 | Y3: 0 | Z3: 0 | AA3: 0 | AB3: 0
A4: EV-00000 | B4: 2 | C4: 3 | D4: Atividade 3 | E4: 0 | F4: 45658 | G4: 45721 | H4: =F4-Projeto!$B$2 -> 0 | I4: =SUMIF(AlocacaoEquipe!$B$2:$B$14,Atividades!C4,AlocacaoEquipe!$E$2:$E$14) -> 56940 | J4: =J3 -> 15 | K4: =K3 -> 20 | L4: =L3 -> 10 | M4: =M3 -> 10 | N4: 0 | O4: 0 | P4: 0 | Q4: 0 | R4: =R3 -> 0.3 | S4: =S3 -> 0.15 | T4: =T3 -> 0.1 | U4: 0 | V4: 0 | W4: 0 | X4: 0 | Y4: 0 | Z4: 0 | AA4: 0 | AB4: 0
A5: EV-00000 | B5: 2 | C5: 4 | D5: Atividade 4 | E5: 1,2,3 | F5: =MAX(G2:G4)+1 -> 45748 | G5: =F5+70 -> 45818 | H5: =F5-Projeto!$B$2 -> 90 | I5: =SUMIF(AlocacaoEquipe!$B$2:$B$14,Atividades!C5,AlocacaoEquipe!$E$2:$E$14) -> 52560 | J5: =J4 -> 15 | K5: =K4 -> 20 | L5: =L4 -> 10 | M5: =M4 -> 10 | N5: 0 | O5: 0 | P5: 0 | Q5: 0 | R5: =R4 -> 0.3 | S5: =S4 -> 0.15 | T5: =T4 -> 0.1 | U5: 0 | V5: 0 | W5: 0 | X5: 0 | Y5: 0 | Z5: 0 | AA5: 0 | AB5: 0
A6: EV-00000 | B6: 2 | C6: 5 | D6: Atividade 5 | E6: 0 | F6: =G5-60 -> 45758 | G6: =G5 -> 45818 | H6: =F6-Projeto!$B$2 -> 100 | I6: =SUMIF(AlocacaoEquipe!$B$2:$B$14,Atividades!C6,AlocacaoEquipe!$E$2:$E$14) -> 45990 | J6: =J5 -> 15 | K6: =K5 -> 20 | L6: =L5 -> 10 | M6: =M5 -> 10 | N6: 0 | O6: 0 | P6: 0 | Q6: 0 | R6: =R5 -> 0.3 | S6: =S5 -> 0.15 | T6: =T5 -> 0.1 | U6: 0 | V6: 0 | W6: 0 | X6: 0 | Y6: 0 | Z6: 0 | AA6: 0 | AB6: 0
A7: EV-00000 | B7: 3 | C7: 6 | D7: Atividade 6 | E7: 4.5 | F7: =G6+1 -> 45819 | G7: =F7+100 -> 45919 | H7: =F7-Projeto!$B$2 -> 161 | I7: =SUMIF(AlocacaoEquipe!$B$2:$B$14,Atividades!C7,AlocacaoEquipe!$E$2:$E$14) -> 21900 | J7: =J6 -> 15 | K7: =K6 -> 20 | L7: =L6 -> 10 | M7: =M6 -> 10 | N7: 0 | O7: 0 | P7: 0 | Q7: 0 | R7: =R6 -> 0.3 | S7: =S6 -> 0.15 | T7: =T6 -> 0.1 | U7: 0 | V7: 0 | W7: 0 | X7: 0 | Y7: 0 | Z7: 0 | AA7: 0 | AB7: 0
A8: EV-00000 | B8: 3 | C8: 7 | D8: Atividade 7 | E8: 6 | F8: =G7+1 -> 45920 | G8: =F8+55 -> 45975 | H8: =F8-Projeto!$B$2 -> 262 | I8: =SUMIF(AlocacaoEquipe!$B$2:$B$14,Atividades!C8,AlocacaoEquipe!$E$2:$E$14) -> 5475 | J8: =J7 -> 15 | K8: =K7 -> 20 | L8: =L7 -> 10 | M8: =M7 -> 10 | N8: 0 | O8: 0 | P8: 0 | Q8: 0 | R8: =R7 -> 0.3 | S8: =S7 -> 0.15 | T8: =T7 -> 0.1 | U8: 0 | V8: 0 | W8: 0 | X8: 0 | Y8: 0 | Z8: 0 | AA8: 0 | AB8: 0
A9: EV-00001 | B9: 3 | C9: 8 | D9: Atividade 8 | E9: 7 | F9: =G8+1 -> 45976 | G9: =F9+45 -> 46021 | H9: =F9-Projeto!$B$2 -> 318 | I9: =SUMIF(AlocacaoEquipe!$B$2:$B$14,Atividades!C9,AlocacaoEquipe!$E$2:$E$14) -> 5475 | J9: =J8 -> 15 | K9: =K8 -> 20 | L9: =L8 -> 10 | M9: =M8 -> 10 | N9: 0 | O9: 0 | P9: 0 | Q9: 0 | R9: =R8 -> 0.3 | S9: =S8 -> 0.15 | T9: =T8 -> 0.1 | U9: 0 | V9: 0 | W9: 0 | X9: 0 | Y9: 0 | Z9: 0 | AA9: 0 | AB9: 0
A10: EV-01307 | B10: 1 | C10: 1 | D10: Atividades técnicas cotidianas | E10: 0 | F10: 44897 | G10: 45993
A11: EV-01307 | B11: 2 | C11: 2 | D11: Transferência de dados do poço piloto para o LEA/CTAI | E11: 0 | F11: 44895 | G11: 44960
A12: EV-01307 | B12: 2 | C12: 3 | D12: Proposição de modelos dinâmicos | E12: 2 | F12: 44927 | G12: 45078
A13: EV-01307 | B13: 2 | C13: 4 | D13: Validação de modelo dinâmico | E13: 3 | F13: 45048 | G13: 45200
A14: EV-01307 | B14: 2 | C14: 5 | D14: Validação final (pela empresa) do modelo | E14: 4 | F14: 45160 | G14: 45190
A15: =A14 -> EV-01307 | B15: 3 | C15: 6 | D15: Reprodução do controlador proposto por Jimenez/ UNICAMP 2019 | E15: 0 | F15: 44888 | G15: 45261
A16: =A15 -> EV-01307 | B16: 3 | C16: 7 | D16: Síntese de controlador avançado | E16: 4 | F16: 45042 | G16: 45266
A17: =A16 -> EV-01307 | B17: 3 | C17: 8 | D17: Avaliação do desempenho dos controladores | E17: 6, 7 | F17: 45223 | G17: 45287
A18: =A17 -> EV-01307 | B18: 3 | C18: 9 | D18: Análise básica de robustez dos controladores | E18: 8 | F18: 45260 | G18: 45324
A19: =A18 -> EV-01307 | B19: 3 | C19: 10 | D19: Validação dos resultados preliminares alcançados em ambiente simulado | E19: 9 | F19: 45296 | G19: 45341
A20: =A19 -> EV-01307 | B20: 4 | C20: 11 | D20: Integração do controlador ao MPA | E20: 5, 10 | F20: 45173 | G20: 45379
A21: =A20 -> EV-01307 | B21: 4 | C21: 12 | D21: Validação Tecgraf | E21: 11 | F21: 45382 | G21: 45442
A22: =A21 -> EV-01307 | B22: 5 | C22: 13 | D22: Testes de integração do controlador/MPA em plataforma de empresa petrolífera | E22: 12 | F22: 45451 | G22: 45545
A23: =A22 -> EV-01307 | B23: 5 | C23: 14 | D23: Testes de campo | E23: 13 | F23: 45537 | G23: 45802
A24: =A23 -> EV-01307 | B24: 6 | C24: 15 | D24: Transferência de tecnologia | E24: 14 | F24: 45527 | G24: 45742
A25: =A24 -> EV-01307 | B25: 7 | C25: 16 | D25: Suporte e correção de bugs | E25: 15 | F25: 45815 | G25: 45989
A26: EV-XXXX | B26: 1 | C26: 1 | D26: xxxxx1
A27: =A26 -> EV-XXXX | B27: 1 | C27: 2 | D27: xxxxx2
A28: =A27 -> EV-XXXX | B28: 2 | C28: 3 | D28: xxxxx3
A29: =A28 -> EV-XXXX | B29: 2 | C29: 4 | D29: xxxxx4
A30: EV-YYYY | B30: 1 | C30: 1 | D30: yyyy1
A31: =A30 -> EV-YYYY | B31: 2 | C31: 2 | D31: yyyy2
A32: =A31 -> EV-YYYY | B32: 2 | C32: 3 | D32: yyyy3
A33: =A32 -> EV-YYYY | B33: 2 | C33: 4 | D33: yyyy4
